"Notes","Year","Year Code","County","County Code",Deaths,Population,Crude Rate
,"1999","1999","Albany County, NY","36001",149,294692,50.6
,"1999","1999","Allegany County, NY","36003",35,49997,70.0
,"1999","1999","Bronx County, NY","36005",269,1317895,20.4
,"1999","1999","Broome County, NY","36007",116,200881,57.7
,"1999","1999","Cattaraugus County, NY","36009",56,84050,66.6
,"1999","1999","Cayuga County, NY","36011",57,82034,69.5
,"1999","1999","Chautauqua County, NY","36013",89,140087,63.5
,"1999","1999","Chemung County, NY","36015",56,91284,61.3
,"1999","1999","Chenango County, NY","36017",17,51286,Unreliable
,"1999","1999","Clinton County, NY","36019",43,79875,53.8
,"1999","1999","Columbia County, NY","36021",34,63217,53.8
,"1999","1999","Cortland County, NY","36023",36,48734,73.9
,"1999","1999","Delaware County, NY","36025",24,48069,49.9
,"1999","1999","Dutchess County, NY","36027",106,277586,38.2
,"1999","1999","Erie County, NY","36029",384,952546,40.3
,"1999","1999","Essex County, NY","36031",30,38664,77.6
,"1999","1999","Franklin County, NY","36033",27,51061,52.9
,"1999","1999","Fulton County, NY","36035",29,55011,52.7
,"1999","1999","Genesee County, NY","36037",34,60554,56.1
,"1999","1999","Greene County, NY","36039",31,47975,64.6
,"1999","1999","Herkimer County, NY","36043",39,64462,60.5
,"1999","1999","Jefferson County, NY","36045",53,112081,47.3
,"1999","1999","Kings County, NY","36047",489,2447352,20.0
,"1999","1999","Lewis County, NY","36049",11,26914,Unreliable
,"1999","1999","Livingston County, NY","36051",22,64243,34.2
,"1999","1999","Madison County, NY","36053",34,69523,48.9
,"1999","1999","Monroe County, NY","36055",244,733679,33.3
,"1999","1999","Montgomery County, NY","36057",25,49918,50.1
,"1999","1999","Nassau County, NY","36059",370,1330815,27.8
,"1999","1999","New York County, NY","36061",406,1535624,26.4
,"1999","1999","Niagara County, NY","36063",124,220556,56.2
,"1999","1999","Oneida County, NY","36065",145,235412,61.6
,"1999","1999","Onondaga County, NY","36067",218,458575,47.5
,"1999","1999","Ontario County, NY","36069",41,99802,41.1
,"1999","1999","Orange County, NY","36071",111,336630,33.0
,"1999","1999","Orleans County, NY","36073",20,44183,45.3
,"1999","1999","Oswego County, NY","36075",78,122199,63.8
,"1999","1999","Otsego County, NY","36077",31,61629,50.3
,"1999","1999","Putnam County, NY","36079",24,94647,25.4
,"1999","1999","Queens County, NY","36081",408,2208975,18.5
,"1999","1999","Rensselaer County, NY","36083",101,152392,66.3
,"1999","1999","Richmond County, NY","36085",123,437814,28.1
,"1999","1999","Rockland County, NY","36087",90,285265,31.5
,"1999","1999","St. Lawrence County, NY","36089",80,112202,71.3
,"1999","1999","Saratoga County, NY","36091",76,198641,38.3
,"1999","1999","Schenectady County, NY","36093",74,146857,50.4
,"1999","1999","Schoharie County, NY","36095",25,31537,79.3
,"1999","1999","Seneca County, NY","36099",20,33231,60.2
,"1999","1999","Steuben County, NY","36101",75,98458,76.2
,"1999","1999","Suffolk County, NY","36103",411,1406161,29.2
,"1999","1999","Sullivan County, NY","36105",39,73341,53.2
,"1999","1999","Tioga County, NY","36107",29,51892,55.9
,"1999","1999","Tompkins County, NY","36109",28,96656,29.0
,"1999","1999","Ulster County, NY","36111",97,176526,54.9
,"1999","1999","Warren County, NY","36113",36,63031,57.1
,"1999","1999","Washington County, NY","36115",31,61043,50.8
,"1999","1999","Wayne County, NY","36117",43,93790,45.8
,"1999","1999","Westchester County, NY","36119",296,918532,32.2
,"1999","1999","Wyoming County, NY","36121",18,43584,Unreliable
,"2000","2000","Albany County, NY","36001",144,294565,48.9
,"2000","2000","Allegany County, NY","36003",24,49927,48.1
,"2000","2000","Bronx County, NY","36005",282,1332650,21.2
,"2000","2000","Broome County, NY","36007",111,200536,55.4
,"2000","2000","Cattaraugus County, NY","36009",45,83955,53.6
,"2000","2000","Cayuga County, NY","36011",44,81963,53.7
,"2000","2000","Chautauqua County, NY","36013",107,139750,76.6
,"2000","2000","Chemung County, NY","36015",66,91070,72.5
,"2000","2000","Chenango County, NY","36017",24,51401,46.7
,"2000","2000","Clinton County, NY","36019",36,79894,45.1
,"2000","2000","Columbia County, NY","36021",59,63094,93.5
,"2000","2000","Cortland County, NY","36023",34,48599,70.0
,"2000","2000","Delaware County, NY","36025",16,48055,Unreliable
,"2000","2000","Dutchess County, NY","36027",91,280150,32.5
,"2000","2000","Erie County, NY","36029",422,950265,44.4
,"2000","2000","Essex County, NY","36031",19,38851,Unreliable
,"2000","2000","Franklin County, NY","36033",30,51134,58.7
,"2000","2000","Fulton County, NY","36035",41,55073,74.4
,"2000","2000","Genesee County, NY","36037",33,60370,54.7
,"2000","2000","Greene County, NY","36039",33,48195,68.5
,"2000","2000","Herkimer County, NY","36043",46,64427,71.4
,"2000","2000","Jefferson County, NY","36045",42,111738,37.6
,"2000","2000","Kings County, NY","36047",393,2465326,15.9
,"2000","2000","Lewis County, NY","36049",13,26944,Unreliable
,"2000","2000","Livingston County, NY","36051",24,64328,37.3
,"2000","2000","Madison County, NY","36053",29,69441,41.8
,"2000","2000","Monroe County, NY","36055",249,735343,33.9
,"2000","2000","Montgomery County, NY","36057",26,49708,52.3
,"2000","2000","Nassau County, NY","36059",365,1334544,27.4
,"2000","2000","New York County, NY","36061",274,1537195,17.8
,"2000","2000","Niagara County, NY","36063",111,219846,50.5
,"2000","2000","Oneida County, NY","36065",176,235469,74.7
,"2000","2000","Onondaga County, NY","36067",214,458336,46.7
,"2000","2000","Ontario County, NY","36069",56,100224,55.9
,"2000","2000","Orange County, NY","36071",122,341367,35.7
,"2000","2000","Orleans County, NY","36073",17,44171,Unreliable
,"2000","2000","Oswego County, NY","36075",67,122377,54.7
,"2000","2000","Otsego County, NY","36077",39,61676,63.2
,"2000","2000","Putnam County, NY","36079",18,95745,Unreliable
,"2000","2000","Queens County, NY","36081",389,2229379,17.4
,"2000","2000","Rensselaer County, NY","36083",91,152538,59.7
,"2000","2000","Richmond County, NY","36085",134,443728,30.2
,"2000","2000","Rockland County, NY","36087",74,286753,25.8
,"2000","2000","St. Lawrence County, NY","36089",64,111931,57.2
,"2000","2000","Saratoga County, NY","36091",71,200635,35.4
,"2000","2000","Schenectady County, NY","36093",67,146555,45.7
,"2000","2000","Schoharie County, NY","36095",14,31582,Unreliable
,"2000","2000","Schuyler County, NY","36097",15,19224,Unreliable
,"2000","2000","Seneca County, NY","36099",13,33342,Unreliable
,"2000","2000","Steuben County, NY","36101",54,98726,54.7
,"2000","2000","Suffolk County, NY","36103",447,1419369,31.5
,"2000","2000","Sullivan County, NY","36105",38,73966,51.4
,"2000","2000","Tioga County, NY","36107",19,51784,Unreliable
,"2000","2000","Tompkins County, NY","36109",24,96501,24.9
,"2000","2000","Ulster County, NY","36111",75,177749,42.2
,"2000","2000","Warren County, NY","36113",27,63303,42.7
,"2000","2000","Washington County, NY","36115",31,61042,50.8
,"2000","2000","Wayne County, NY","36117",41,93765,43.7
,"2000","2000","Westchester County, NY","36119",277,923459,30.0
,"2000","2000","Wyoming County, NY","36121",19,43424,Unreliable
,"2000","2000","Yates County, NY","36123",14,24621,Unreliable
,"2001","2001","Albany County, NY","36001",109,296232,36.8
,"2001","2001","Allegany County, NY","36003",38,50079,75.9
,"2001","2001","Bronx County, NY","36005",287,1346555,21.3
,"2001","2001","Broome County, NY","36007",123,200868,61.2
,"2001","2001","Cattaraugus County, NY","36009",45,83346,54.0
,"2001","2001","Cayuga County, NY","36011",48,81313,59.0
,"2001","2001","Chautauqua County, NY","36013",96,138730,69.2
,"2001","2001","Chemung County, NY","36015",71,90780,78.2
,"2001","2001","Chenango County, NY","36017",33,51109,64.6
,"2001","2001","Clinton County, NY","36019",30,80320,37.4
,"2001","2001","Columbia County, NY","36021",45,62953,71.5
,"2001","2001","Cortland County, NY","36023",30,48903,61.3
,"2001","2001","Delaware County, NY","36025",15,47771,Unreliable
,"2001","2001","Dutchess County, NY","36027",116,284712,40.7
,"2001","2001","Erie County, NY","36029",405,946515,42.8
,"2001","2001","Essex County, NY","36031",32,38893,82.3
,"2001","2001","Franklin County, NY","36033",27,50925,53.0
,"2001","2001","Fulton County, NY","36035",41,54904,74.7
,"2001","2001","Genesee County, NY","36037",24,60321,39.8
,"2001","2001","Greene County, NY","36039",24,47976,50.0
,"2001","2001","Herkimer County, NY","36043",37,64274,57.6
,"2001","2001","Jefferson County, NY","36045",43,111422,38.6
,"2001","2001","Kings County, NY","36047",443,2477252,17.9
,"2001","2001","Livingston County, NY","36051",20,65088,30.7
,"2001","2001","Madison County, NY","36053",23,69852,32.9
,"2001","2001","Monroe County, NY","36055",224,739891,30.3
,"2001","2001","Montgomery County, NY","36057",31,49472,62.7
,"2001","2001","Nassau County, NY","36059",401,1337086,30.0
,"2001","2001","New York County, NY","36061",330,1555729,21.2
,"2001","2001","Niagara County, NY","36063",101,218552,46.2
,"2001","2001","Oneida County, NY","36065",166,234247,70.9
,"2001","2001","Onondaga County, NY","36067",203,458576,44.3
,"2001","2001","Ontario County, NY","36069",54,100819,53.6
,"2001","2001","Orange County, NY","36071",126,347674,36.2
,"2001","2001","Orleans County, NY","36073",22,43898,50.1
,"2001","2001","Oswego County, NY","36075",65,122269,53.2
,"2001","2001","Otsego County, NY","36077",20,61924,32.3
,"2001","2001","Putnam County, NY","36079",21,97055,21.6
,"2001","2001","Queens County, NY","36081",383,2231316,17.2
,"2001","2001","Rensselaer County, NY","36083",87,152700,57.0
,"2001","2001","Richmond County, NY","36085",124,448961,27.6
,"2001","2001","Rockland County, NY","36087",76,290613,26.2
,"2001","2001","St. Lawrence County, NY","36089",71,111497,63.7
,"2001","2001","Saratoga County, NY","36091",92,203974,45.1
,"2001","2001","Schenectady County, NY","36093",71,146334,48.5
,"2001","2001","Schoharie County, NY","36095",29,31794,91.2
,"2001","2001","Schuyler County, NY","36097",11,19175,Unreliable
,"2001","2001","Seneca County, NY","36099",10,34764,Unreliable
,"2001","2001","Steuben County, NY","36101",68,99216,68.5
,"2001","2001","Suffolk County, NY","36103",460,1442488,31.9
,"2001","2001","Sullivan County, NY","36105",33,74143,44.5
,"2001","2001","Tioga County, NY","36107",28,51712,54.1
,"2001","2001","Tompkins County, NY","36109",23,97458,23.6
,"2001","2001","Ulster County, NY","36111",102,178440,57.2
,"2001","2001","Warren County, NY","36113",32,63406,50.5
,"2001","2001","Washington County, NY","36115",49,61142,80.1
,"2001","2001","Wayne County, NY","36117",52,93794,55.4
,"2001","2001","Westchester County, NY","36119",276,931577,29.6
,"2001","2001","Wyoming County, NY","36121",24,43061,55.7
,"2001","2001","Yates County, NY","36123",16,24725,Unreliable
,"2002","2002","Albany County, NY","36001",124,298283,41.6
,"2002","2002","Allegany County, NY","36003",31,50014,62.0
,"2002","2002","Bronx County, NY","36005",274,1358739,20.2
,"2002","2002","Broome County, NY","36007",101,201438,50.1
,"2002","2002","Cattaraugus County, NY","36009",45,83301,54.0
,"2002","2002","Cayuga County, NY","36011",64,81401,78.6
,"2002","2002","Chautauqua County, NY","36013",89,138346,64.3
,"2002","2002","Chemung County, NY","36015",60,90613,66.2
,"2002","2002","Chenango County, NY","36017",37,51205,72.3
,"2002","2002","Clinton County, NY","36019",41,80707,50.8
,"2002","2002","Columbia County, NY","36021",48,63182,76.0
,"2002","2002","Cortland County, NY","36023",28,48891,57.3
,"2002","2002","Delaware County, NY","36025",22,47666,46.2
,"2002","2002","Dutchess County, NY","36027",111,287700,38.6
,"2002","2002","Erie County, NY","36029",447,943551,47.4
,"2002","2002","Essex County, NY","36031",18,39195,Unreliable
,"2002","2002","Franklin County, NY","36033",28,50924,55.0
,"2002","2002","Fulton County, NY","36035",42,54988,76.4
,"2002","2002","Genesee County, NY","36037",26,60289,43.1
,"2002","2002","Greene County, NY","36039",28,48177,58.1
,"2002","2002","Herkimer County, NY","36043",23,63971,36.0
,"2002","2002","Jefferson County, NY","36045",47,111112,42.3
,"2002","2002","Kings County, NY","36047",426,2480559,17.2
,"2002","2002","Lewis County, NY","36049",16,26618,Unreliable
,"2002","2002","Livingston County, NY","36051",35,65118,53.7
,"2002","2002","Madison County, NY","36053",37,70261,52.7
,"2002","2002","Monroe County, NY","36055",263,741391,35.5
,"2002","2002","Montgomery County, NY","36057",27,49298,54.8
,"2002","2002","Nassau County, NY","36059",363,1339572,27.1
,"2002","2002","New York County, NY","36061",313,1555382,20.1
,"2002","2002","Niagara County, NY","36063",113,218127,51.8
,"2002","2002","Oneida County, NY","36065",135,234078,57.7
,"2002","2002","Onondaga County, NY","36067",211,459484,45.9
,"2002","2002","Ontario County, NY","36069",69,101763,67.8
,"2002","2002","Orange County, NY","36071",154,352975,43.6
,"2002","2002","Orleans County, NY","36073",19,43660,Unreliable
,"2002","2002","Oswego County, NY","36075",49,122496,40.0
,"2002","2002","Otsego County, NY","36077",38,62093,61.2
,"2002","2002","Putnam County, NY","36079",14,98263,Unreliable
,"2002","2002","Queens County, NY","36081",406,2224507,18.3
,"2002","2002","Rensselaer County, NY","36083",91,153040,59.5
,"2002","2002","Richmond County, NY","36085",152,452813,33.6
,"2002","2002","Rockland County, NY","36087",77,293728,26.2
,"2002","2002","St. Lawrence County, NY","36089",87,111292,78.2
,"2002","2002","Saratoga County, NY","36091",86,206446,41.7
,"2002","2002","Schenectady County, NY","36093",82,147199,55.7
,"2002","2002","Schoharie County, NY","36095",22,31785,69.2
,"2002","2002","Schuyler County, NY","36097",15,19179,Unreliable
,"2002","2002","Seneca County, NY","36099",19,35046,Unreliable
,"2002","2002","Steuben County, NY","36101",68,99583,68.3
,"2002","2002","Suffolk County, NY","36103",417,1456745,28.6
,"2002","2002","Sullivan County, NY","36105",41,74452,55.1
,"2002","2002","Tioga County, NY","36107",24,51992,46.2
,"2002","2002","Tompkins County, NY","36109",26,98227,26.5
,"2002","2002","Ulster County, NY","36111",77,180128,42.7
,"2002","2002","Warren County, NY","36113",25,63774,39.2
,"2002","2002","Washington County, NY","36115",34,61152,55.6
,"2002","2002","Wayne County, NY","36117",55,93735,58.7
,"2002","2002","Westchester County, NY","36119",274,935219,29.3
,"2002","2002","Wyoming County, NY","36121",22,43007,51.2
,"2003","2003","Albany County, NY","36001",128,301085,42.5
,"2003","2003","Allegany County, NY","36003",31,50165,61.8
,"2003","2003","Bronx County, NY","36005",298,1362373,21.9
,"2003","2003","Broome County, NY","36007",97,201037,48.2
,"2003","2003","Cattaraugus County, NY","36009",60,83335,72.0
,"2003","2003","Cayuga County, NY","36011",43,81395,52.8
,"2003","2003","Chautauqua County, NY","36013",83,137587,60.3
,"2003","2003","Chemung County, NY","36015",72,90154,79.9
,"2003","2003","Chenango County, NY","36017",23,51393,44.8
,"2003","2003","Clinton County, NY","36019",41,81396,50.4
,"2003","2003","Columbia County, NY","36021",41,63304,64.8
,"2003","2003","Cortland County, NY","36023",23,49475,46.5
,"2003","2003","Delaware County, NY","36025",27,47930,56.3
,"2003","2003","Dutchess County, NY","36027",101,290781,34.7
,"2003","2003","Erie County, NY","36029",394,941846,41.8
,"2003","2003","Essex County, NY","36031",26,39334,66.1
,"2003","2003","Franklin County, NY","36033",29,51228,56.6
,"2003","2003","Fulton County, NY","36035",37,55081,67.2
,"2003","2003","Genesee County, NY","36037",30,60412,49.7
,"2003","2003","Greene County, NY","36039",29,48416,59.9
,"2003","2003","Herkimer County, NY","36043",42,64080,65.5
,"2003","2003","Jefferson County, NY","36045",60,110246,54.4
,"2003","2003","Kings County, NY","36047",427,2472999,17.3
,"2003","2003","Livingston County, NY","36051",22,65130,33.8
,"2003","2003","Madison County, NY","36053",31,71010,43.7
,"2003","2003","Monroe County, NY","36055",225,741671,30.3
,"2003","2003","Montgomery County, NY","36057",24,49449,48.5
,"2003","2003","Nassau County, NY","36059",330,1339761,24.6
,"2003","2003","New York County, NY","36061",304,1562154,19.5
,"2003","2003","Niagara County, NY","36063",114,218072,52.3
,"2003","2003","Oneida County, NY","36065",126,234243,53.8
,"2003","2003","Onondaga County, NY","36067",207,460961,44.9
,"2003","2003","Ontario County, NY","36069",42,102625,40.9
,"2003","2003","Orange County, NY","36071",132,358727,36.8
,"2003","2003","Orleans County, NY","36073",16,43593,Unreliable
,"2003","2003","Oswego County, NY","36075",69,123120,56.0
,"2003","2003","Otsego County, NY","36077",45,62567,71.9
,"2003","2003","Putnam County, NY","36079",31,98964,31.3
,"2003","2003","Queens County, NY","36081",387,2214608,17.5
,"2003","2003","Rensselaer County, NY","36083",71,154201,46.0
,"2003","2003","Richmond County, NY","36085",139,455939,30.5
,"2003","2003","Rockland County, NY","36087",86,296224,29.0
,"2003","2003","St. Lawrence County, NY","36089",83,111329,74.6
,"2003","2003","Saratoga County, NY","36091",79,209410,37.7
,"2003","2003","Schenectady County, NY","36093",88,147891,59.5
,"2003","2003","Schoharie County, NY","36095",12,32032,Unreliable
,"2003","2003","Schuyler County, NY","36097",14,19151,Unreliable
,"2003","2003","Seneca County, NY","36099",13,35212,Unreliable
,"2003","2003","Steuben County, NY","36101",58,99191,58.5
,"2003","2003","Suffolk County, NY","36103",440,1470849,29.9
,"2003","2003","Sullivan County, NY","36105",40,75447,53.0
,"2003","2003","Tioga County, NY","36107",22,51895,42.4
,"2003","2003","Tompkins County, NY","36109",29,99049,29.3
,"2003","2003","Ulster County, NY","36111",77,180942,42.6
,"2003","2003","Warren County, NY","36113",34,64323,52.9
,"2003","2003","Washington County, NY","36115",40,61621,64.9
,"2003","2003","Wayne County, NY","36117",55,94001,58.5
,"2003","2003","Westchester County, NY","36119",287,935799,30.7
,"2003","2003","Yates County, NY","36123",18,24898,Unreliable
,"2004","2004","Albany County, NY","36001",121,302173,40.0
,"2004","2004","Allegany County, NY","36003",24,50311,47.7
,"2004","2004","Bronx County, NY","36005",321,1358963,23.6
,"2004","2004","Broome County, NY","36007",111,200974,55.2
,"2004","2004","Cattaraugus County, NY","36009",61,82864,73.6
,"2004","2004","Cayuga County, NY","36011",56,81284,68.9
,"2004","2004","Chautauqua County, NY","36013",87,137174,63.4
,"2004","2004","Chemung County, NY","36015",65,89777,72.4
,"2004","2004","Chenango County, NY","36017",28,51297,54.6
,"2004","2004","Clinton County, NY","36019",36,81803,44.0
,"2004","2004","Columbia County, NY","36021",31,63646,48.7
,"2004","2004","Cortland County, NY","36023",26,49628,52.4
,"2004","2004","Delaware County, NY","36025",15,48283,Unreliable
,"2004","2004","Dutchess County, NY","36027",109,292859,37.2
,"2004","2004","Erie County, NY","36029",402,938333,42.8
,"2004","2004","Essex County, NY","36031",28,39295,71.3
,"2004","2004","Franklin County, NY","36033",24,51197,46.9
,"2004","2004","Fulton County, NY","36035",47,55233,85.1
,"2004","2004","Genesee County, NY","36037",27,60224,44.8
,"2004","2004","Greene County, NY","36039",27,48755,55.4
,"2004","2004","Herkimer County, NY","36043",49,64332,76.2
,"2004","2004","Jefferson County, NY","36045",68,109924,61.9
,"2004","2004","Kings County, NY","36047",431,2459094,17.5
,"2004","2004","Lewis County, NY","36049",14,26661,Unreliable
,"2004","2004","Livingston County, NY","36051",31,65484,47.3
,"2004","2004","Madison County, NY","36053",43,71397,60.2
,"2004","2004","Monroe County, NY","36055",229,741075,30.9
,"2004","2004","Montgomery County, NY","36057",26,49460,52.6
,"2004","2004","Nassau County, NY","36059",326,1337964,24.4
,"2004","2004","New York County, NY","36061",325,1569947,20.7
,"2004","2004","Niagara County, NY","36063",128,217737,58.8
,"2004","2004","Oneida County, NY","36065",128,234654,54.5
,"2004","2004","Onondaga County, NY","36067",225,461412,48.8
,"2004","2004","Ontario County, NY","36069",53,103385,51.3
,"2004","2004","Orange County, NY","36071",152,362934,41.9
,"2004","2004","Orleans County, NY","36073",15,43682,Unreliable
,"2004","2004","Oswego County, NY","36075",59,123340,47.8
,"2004","2004","Otsego County, NY","36077",34,62934,54.0
,"2004","2004","Putnam County, NY","36079",21,99468,21.1
,"2004","2004","Queens County, NY","36081",380,2198516,17.3
,"2004","2004","Rensselaer County, NY","36083",78,155523,50.2
,"2004","2004","Richmond County, NY","36085",132,456846,28.9
,"2004","2004","Rockland County, NY","36087",91,297562,30.6
,"2004","2004","St. Lawrence County, NY","36089",86,111468,77.2
,"2004","2004","Saratoga County, NY","36091",92,211478,43.5
,"2004","2004","Schenectady County, NY","36093",80,148900,53.7
,"2004","2004","Schoharie County, NY","36095",21,32310,65.0
,"2004","2004","Seneca County, NY","36099",17,35312,Unreliable
,"2004","2004","Steuben County, NY","36101",67,98983,67.7
,"2004","2004","Suffolk County, NY","36103",415,1478215,28.1
,"2004","2004","Sullivan County, NY","36105",36,76265,47.2
,"2004","2004","Tioga County, NY","36107",28,51631,54.2
,"2004","2004","Tompkins County, NY","36109",25,99531,25.1
,"2004","2004","Ulster County, NY","36111",95,181847,52.2
,"2004","2004","Warren County, NY","36113",31,64576,48.0
,"2004","2004","Washington County, NY","36115",47,62278,75.5
,"2004","2004","Wayne County, NY","36117",49,93860,52.2
,"2004","2004","Westchester County, NY","36119",256,935457,27.4
,"2004","2004","Wyoming County, NY","36121",17,42852,Unreliable
,"2004","2004","Yates County, NY","36123",16,25008,Unreliable
,"2005","2005","Albany County, NY","36001",138,302791,45.6
,"2005","2005","Allegany County, NY","36003",38,49768,76.4
,"2005","2005","Bronx County, NY","36005",295,1351736,21.8
,"2005","2005","Broome County, NY","36007",108,200477,53.9
,"2005","2005","Cattaraugus County, NY","36009",75,82039,91.4
,"2005","2005","Cayuga County, NY","36011",45,81104,55.5
,"2005","2005","Chautauqua County, NY","36013",101,136139,74.2
,"2005","2005","Chemung County, NY","36015",75,88860,84.4
,"2005","2005","Chenango County, NY","36017",25,51154,48.9
,"2005","2005","Clinton County, NY","36019",48,82233,58.4
,"2005","2005","Columbia County, NY","36021",38,63717,59.6
,"2005","2005","Cortland County, NY","36023",28,49330,56.8
,"2005","2005","Delaware County, NY","36025",26,48377,53.7
,"2005","2005","Dutchess County, NY","36027",99,294362,33.6
,"2005","2005","Erie County, NY","36029",438,931745,47.0
,"2005","2005","Essex County, NY","36031",23,39321,58.5
,"2005","2005","Franklin County, NY","36033",17,51257,Unreliable
,"2005","2005","Fulton County, NY","36035",42,55301,75.9
,"2005","2005","Genesee County, NY","36037",28,60068,46.6
,"2005","2005","Greene County, NY","36039",24,49142,48.8
,"2005","2005","Herkimer County, NY","36043",30,64292,46.7
,"2005","2005","Jefferson County, NY","36045",66,113486,58.2
,"2005","2005","Kings County, NY","36047",381,2445809,15.6
,"2005","2005","Lewis County, NY","36049",12,26773,Unreliable
,"2005","2005","Livingston County, NY","36051",39,65322,59.7
,"2005","2005","Madison County, NY","36053",44,71471,61.6
,"2005","2005","Monroe County, NY","36055",262,738506,35.5
,"2005","2005","Montgomery County, NY","36057",31,49505,62.6
,"2005","2005","Nassau County, NY","36059",322,1332318,24.2
,"2005","2005","New York County, NY","36061",325,1573573,20.7
,"2005","2005","Niagara County, NY","36063",108,216818,49.8
,"2005","2005","Oneida County, NY","36065",131,234282,55.9
,"2005","2005","Onondaga County, NY","36067",209,460910,45.3
,"2005","2005","Ontario County, NY","36069",40,104259,38.4
,"2005","2005","Orange County, NY","36071",135,364522,37.0
,"2005","2005","Orleans County, NY","36073",25,43475,57.5
,"2005","2005","Oswego County, NY","36075",70,122640,57.1
,"2005","2005","Otsego County, NY","36077",44,63069,69.8
,"2005","2005","Putnam County, NY","36079",22,99575,22.1
,"2005","2005","Queens County, NY","36081",374,2185222,17.1
,"2005","2005","Rensselaer County, NY","36083",92,156104,58.9
,"2005","2005","Richmond County, NY","36085",110,457028,24.1
,"2005","2005","Rockland County, NY","36087",72,298737,24.1
,"2005","2005","St. Lawrence County, NY","36089",87,111606,78.0
,"2005","2005","Saratoga County, NY","36091",88,212975,41.3
,"2005","2005","Schenectady County, NY","36093",77,150200,51.3
,"2005","2005","Schoharie County, NY","36095",19,32534,Unreliable
,"2005","2005","Schuyler County, NY","36097",14,18880,Unreliable
,"2005","2005","Seneca County, NY","36099",17,35177,Unreliable
,"2005","2005","Steuben County, NY","36101",50,98868,50.6
,"2005","2005","Suffolk County, NY","36103",459,1477687,31.1
,"2005","2005","Sullivan County, NY","36105",31,76780,40.4
,"2005","2005","Tioga County, NY","36107",31,51611,60.1
,"2005","2005","Tompkins County, NY","36109",35,99433,35.2
,"2005","2005","Ulster County, NY","36111",99,182438,54.3
,"2005","2005","Warren County, NY","36113",36,65206,55.2
,"2005","2005","Washington County, NY","36115",44,62468,70.4
,"2005","2005","Wayne County, NY","36117",43,93727,45.9
,"2005","2005","Westchester County, NY","36119",297,933401,31.8
,"2005","2005","Wyoming County, NY","36121",26,42780,60.8
,"2005","2005","Yates County, NY","36123",13,25129,Unreliable
,"2006","2006","Albany County, NY","36001",121,303997,39.8
,"2006","2006","Allegany County, NY","36003",37,49359,75.0
,"2006","2006","Bronx County, NY","36005",254,1348164,18.8
,"2006","2006","Broome County, NY","36007",98,200905,48.8
,"2006","2006","Cattaraugus County, NY","36009",57,81342,70.1
,"2006","2006","Cayuga County, NY","36011",46,80892,56.9
,"2006","2006","Chautauqua County, NY","36013",102,135640,75.2
,"2006","2006","Chemung County, NY","36015",49,88732,55.2
,"2006","2006","Chenango County, NY","36017",11,51391,Unreliable
,"2006","2006","Clinton County, NY","36019",27,82547,32.7
,"2006","2006","Columbia County, NY","36021",35,63427,55.2
,"2006","2006","Cortland County, NY","36023",28,49449,56.6
,"2006","2006","Delaware County, NY","36025",32,48271,66.3
,"2006","2006","Dutchess County, NY","36027",109,294712,37.0
,"2006","2006","Erie County, NY","36029",426,925564,46.0
,"2006","2006","Essex County, NY","36031",19,39490,Unreliable
,"2006","2006","Franklin County, NY","36033",31,51511,60.2
,"2006","2006","Fulton County, NY","36035",39,55328,70.5
,"2006","2006","Genesee County, NY","36037",25,59919,41.7
,"2006","2006","Greene County, NY","36039",26,49513,52.5
,"2006","2006","Herkimer County, NY","36043",42,64029,65.6
,"2006","2006","Jefferson County, NY","36045",61,113650,53.7
,"2006","2006","Kings County, NY","36047",335,2436132,13.8
,"2006","2006","Lewis County, NY","36049",16,27001,Unreliable
,"2006","2006","Livingston County, NY","36051",30,65357,45.9
,"2006","2006","Madison County, NY","36053",41,72042,56.9
,"2006","2006","Monroe County, NY","36055",231,738329,31.3
,"2006","2006","Montgomery County, NY","36057",29,49724,58.3
,"2006","2006","Nassau County, NY","36059",321,1324905,24.2
,"2006","2006","New York County, NY","36061",280,1578171,17.7
,"2006","2006","Niagara County, NY","36063",128,216148,59.2
,"2006","2006","Oneida County, NY","36065",125,234229,53.4
,"2006","2006","Onondaga County, NY","36067",211,460925,45.8
,"2006","2006","Ontario County, NY","36069",42,104644,40.1
,"2006","2006","Orange County, NY","36071",107,366908,29.2
,"2006","2006","Orleans County, NY","36073",16,43420,Unreliable
,"2006","2006","Oswego County, NY","36075",65,122354,53.1
,"2006","2006","Otsego County, NY","36077",40,63032,63.5
,"2006","2006","Putnam County, NY","36079",21,99357,21.1
,"2006","2006","Queens County, NY","36081",362,2173862,16.7
,"2006","2006","Rensselaer County, NY","36083",89,157312,56.6
,"2006","2006","Richmond County, NY","36085",91,457577,19.9
,"2006","2006","Rockland County, NY","36087",80,299390,26.7
,"2006","2006","St. Lawrence County, NY","36089",70,111556,62.7
,"2006","2006","Saratoga County, NY","36091",89,214627,41.5
,"2006","2006","Schenectady County, NY","36093",73,151768,48.1
,"2006","2006","Schoharie County, NY","36095",17,32661,Unreliable
,"2006","2006","Seneca County, NY","36099",18,35223,Unreliable
,"2006","2006","Steuben County, NY","36101",59,98473,59.9
,"2006","2006","Suffolk County, NY","36103",430,1475626,29.1
,"2006","2006","Sullivan County, NY","36105",38,77231,49.2
,"2006","2006","Tioga County, NY","36107",25,51536,48.5
,"2006","2006","Tompkins County, NY","36109",23,99651,23.1
,"2006","2006","Ulster County, NY","36111",78,182845,42.7
,"2006","2006","Warren County, NY","36113",58,65554,88.5
,"2006","2006","Washington County, NY","36115",43,62771,68.5
,"2006","2006","Wayne County, NY","36117",43,93595,45.9
,"2006","2006","Westchester County, NY","36119",254,931426,27.3
,"2006","2006","Wyoming County, NY","36121",16,42673,Unreliable
,"2006","2006","Yates County, NY","36123",14,25025,Unreliable
,"2007","2007","Albany County, NY","36001",139,303858,45.7
,"2007","2007","Allegany County, NY","36003",24,49079,48.9
,"2007","2007","Bronx County, NY","36005",252,1354056,18.6
,"2007","2007","Broome County, NY","36007",94,200877,46.8
,"2007","2007","Cattaraugus County, NY","36009",52,81056,64.2
,"2007","2007","Cayuga County, NY","36011",44,80629,54.6
,"2007","2007","Chautauqua County, NY","36013",96,135481,70.9
,"2007","2007","Chemung County, NY","36015",75,88634,84.6
,"2007","2007","Chenango County, NY","36017",23,51463,44.7
,"2007","2007","Clinton County, NY","36019",40,82556,48.5
,"2007","2007","Columbia County, NY","36021",34,63430,53.6
,"2007","2007","Cortland County, NY","36023",32,49624,64.5
,"2007","2007","Delaware County, NY","36025",32,48450,66.0
,"2007","2007","Dutchess County, NY","36027",111,295319,37.6
,"2007","2007","Erie County, NY","36029",417,921887,45.2
,"2007","2007","Essex County, NY","36031",28,39373,71.1
,"2007","2007","Franklin County, NY","36033",18,51782,Unreliable
,"2007","2007","Fulton County, NY","36035",49,55489,88.3
,"2007","2007","Genesee County, NY","36037",25,59930,41.7
,"2007","2007","Greene County, NY","36039",33,49537,66.6
,"2007","2007","Herkimer County, NY","36043",36,64343,56.0
,"2007","2007","Jefferson County, NY","36045",65,115059,56.5
,"2007","2007","Kings County, NY","36047",351,2441324,14.4
,"2007","2007","Livingston County, NY","36051",29,65460,44.3
,"2007","2007","Madison County, NY","36053",42,72709,57.8
,"2007","2007","Monroe County, NY","36055",235,739249,31.8
,"2007","2007","Montgomery County, NY","36057",32,49798,64.3
,"2007","2007","Nassau County, NY","36059",355,1322048,26.9
,"2007","2007","New York County, NY","36061",249,1581402,15.7
,"2007","2007","Niagara County, NY","36063",116,215791,53.8
,"2007","2007","Oneida County, NY","36065",143,234488,61.0
,"2007","2007","Onondaga County, NY","36067",204,461287,44.2
,"2007","2007","Ontario County, NY","36069",48,105216,45.6
,"2007","2007","Orange County, NY","36071",124,368464,33.7
,"2007","2007","Orleans County, NY","36073",19,43342,Unreliable
,"2007","2007","Oswego County, NY","36075",62,122213,50.7
,"2007","2007","Otsego County, NY","36077",38,62914,60.4
,"2007","2007","Putnam County, NY","36079",16,99454,Unreliable
,"2007","2007","Queens County, NY","36081",360,2177351,16.5
,"2007","2007","Rensselaer County, NY","36083",80,158243,50.6
,"2007","2007","Richmond County, NY","36085",112,459642,24.4
,"2007","2007","Rockland County, NY","36087",83,301668,27.5
,"2007","2007","St. Lawrence County, NY","36089",88,111586,78.9
,"2007","2007","Saratoga County, NY","36091",101,215798,46.8
,"2007","2007","Schenectady County, NY","36093",92,152275,60.4
,"2007","2007","Schoharie County, NY","36095",23,32894,69.9
,"2007","2007","Schuyler County, NY","36097",12,18707,Unreliable
,"2007","2007","Seneca County, NY","36099",22,35469,62.0
,"2007","2007","Steuben County, NY","36101",65,98541,66.0
,"2007","2007","Suffolk County, NY","36103",422,1475255,28.6
,"2007","2007","Sullivan County, NY","36105",46,77991,59.0
,"2007","2007","Tioga County, NY","36107",39,51565,75.6
,"2007","2007","Tompkins County, NY","36109",34,99910,34.0
,"2007","2007","Ulster County, NY","36111",109,182818,59.6
,"2007","2007","Warren County, NY","36113",39,65740,59.3
,"2007","2007","Washington County, NY","36115",30,63054,47.6
,"2007","2007","Wayne County, NY","36117",34,93539,36.3
,"2007","2007","Westchester County, NY","36119",286,933414,30.6
,"2007","2007","Wyoming County, NY","36121",12,42515,Unreliable
,"2007","2007","Yates County, NY","36123",13,25234,Unreliable
,"2008","2008","Albany County, NY","36001",154,303739,50.7
,"2008","2008","Allegany County, NY","36003",26,49177,52.9
,"2008","2008","Bronx County, NY","36005",256,1363488,18.8
,"2008","2008","Broome County, NY","36007",104,201029,51.7
,"2008","2008","Cattaraugus County, NY","36009",46,80761,57.0
,"2008","2008","Cayuga County, NY","36011",50,80482,62.1
,"2008","2008","Chautauqua County, NY","36013",99,135229,73.2
,"2008","2008","Chemung County, NY","36015",72,88503,81.4
,"2008","2008","Chenango County, NY","36017",31,51326,60.4
,"2008","2008","Clinton County, NY","36019",38,82401,46.1
,"2008","2008","Columbia County, NY","36021",38,63253,60.1
,"2008","2008","Cortland County, NY","36023",30,49537,60.6
,"2008","2008","Delaware County, NY","36025",21,48363,43.4
,"2008","2008","Dutchess County, NY","36027",132,296267,44.6
,"2008","2008","Erie County, NY","36029",460,920571,50.0
,"2008","2008","Essex County, NY","36031",31,39435,78.6
,"2008","2008","Franklin County, NY","36033",30,51907,57.8
,"2008","2008","Fulton County, NY","36035",38,55584,68.4
,"2008","2008","Genesee County, NY","36037",47,59895,78.5
,"2008","2008","Greene County, NY","36039",35,49467,70.8
,"2008","2008","Herkimer County, NY","36043",36,64404,55.9
,"2008","2008","Jefferson County, NY","36045",55,115033,47.8
,"2008","2008","Kings County, NY","36047",395,2460361,16.1
,"2008","2008","Lewis County, NY","36049",11,26878,Unreliable
,"2008","2008","Livingston County, NY","36051",31,65637,47.2
,"2008","2008","Madison County, NY","36053",47,73075,64.3
,"2008","2008","Monroe County, NY","36055",257,741018,34.7
,"2008","2008","Montgomery County, NY","36057",25,49951,50.0
,"2008","2008","Nassau County, NY","36059",388,1325129,29.3
,"2008","2008","New York County, NY","36061",334,1587022,21.0
,"2008","2008","Niagara County, NY","36063",119,215793,55.1
,"2008","2008","Oneida County, NY","36065",139,234482,59.3
,"2008","2008","Onondaga County, NY","36067",230,463472,49.6
,"2008","2008","Ontario County, NY","36069",44,106302,41.4
,"2008","2008","Orange County, NY","36071",146,370201,39.4
,"2008","2008","Orleans County, NY","36073",29,43254,67.0
,"2008","2008","Oswego County, NY","36075",63,122366,51.5
,"2008","2008","Otsego County, NY","36077",36,62561,57.5
,"2008","2008","Putnam County, NY","36079",25,99537,25.1
,"2008","2008","Queens County, NY","36081",411,2193623,18.7
,"2008","2008","Rensselaer County, NY","36083",93,159011,58.5
,"2008","2008","Richmond County, NY","36085",94,463701,20.3
,"2008","2008","Rockland County, NY","36087",85,305413,27.8
,"2008","2008","St. Lawrence County, NY","36089",84,111684,75.2
,"2008","2008","Saratoga County, NY","36091",103,217282,47.4
,"2008","2008","Schenectady County, NY","36093",96,153360,62.6
,"2008","2008","Schoharie County, NY","36095",24,32890,73.0
,"2008","2008","Schuyler County, NY","36097",13,18644,Unreliable
,"2008","2008","Seneca County, NY","36099",21,35370,59.4
,"2008","2008","Steuben County, NY","36101",48,98726,48.6
,"2008","2008","Suffolk County, NY","36103",442,1480218,29.9
,"2008","2008","Sullivan County, NY","36105",37,77755,47.6
,"2008","2008","Tioga County, NY","36107",27,51498,52.4
,"2008","2008","Tompkins County, NY","36109",25,100383,24.9
,"2008","2008","Ulster County, NY","36111",81,183174,44.2
,"2008","2008","Warren County, NY","36113",39,65848,59.2
,"2008","2008","Washington County, NY","36115",29,63252,45.8
,"2008","2008","Wayne County, NY","36117",37,93739,39.5
,"2008","2008","Westchester County, NY","36119",274,937449,29.2
,"2008","2008","Wyoming County, NY","36121",23,42281,54.4
,"2008","2008","Yates County, NY","36123",12,25352,Unreliable
,"2009","2009","Albany County, NY","36001",123,304733,40.4
,"2009","2009","Allegany County, NY","36003",30,48969,61.3
,"2009","2009","Bronx County, NY","36005",292,1376261,21.2
,"2009","2009","Broome County, NY","36007",98,200935,48.8
,"2009","2009","Cattaraugus County, NY","36009",55,80491,68.3
,"2009","2009","Cayuga County, NY","36011",56,80172,69.8
,"2009","2009","Chautauqua County, NY","36013",123,135197,91.0
,"2009","2009","Chemung County, NY","36015",79,88849,88.9
,"2009","2009","Chenango County, NY","36017",25,50639,49.4
,"2009","2009","Clinton County, NY","36019",41,82280,49.8
,"2009","2009","Columbia County, NY","36021",43,63023,68.2
,"2009","2009","Cortland County, NY","36023",32,49358,64.8
,"2009","2009","Delaware County, NY","36025",27,48182,56.0
,"2009","2009","Dutchess County, NY","36027",120,296887,40.4
,"2009","2009","Erie County, NY","36029",431,919334,46.9
,"2009","2009","Essex County, NY","36031",24,39478,60.8
,"2009","2009","Franklin County, NY","36033",18,51706,Unreliable
,"2009","2009","Fulton County, NY","36035",40,55558,72.0
,"2009","2009","Genesee County, NY","36037",38,59932,63.4
,"2009","2009","Greene County, NY","36039",26,49372,52.7
,"2009","2009","Herkimer County, NY","36043",34,64381,52.8
,"2009","2009","Jefferson County, NY","36045",50,115023,43.5
,"2009","2009","Kings County, NY","36047",308,2487751,12.4
,"2009","2009","Lewis County, NY","36049",14,27047,Unreliable
,"2009","2009","Livingston County, NY","36051",35,65420,53.5
,"2009","2009","Madison County, NY","36053",33,73169,45.1
,"2009","2009","Monroe County, NY","36055",259,743386,34.8
,"2009","2009","Montgomery County, NY","36057",21,50001,42.0
,"2009","2009","Nassau County, NY","36059",379,1332088,28.5
,"2009","2009","New York County, NY","36061",294,1583431,18.6
,"2009","2009","Niagara County, NY","36063",129,216043,59.7
,"2009","2009","Oneida County, NY","36065",127,234619,54.1
,"2009","2009","Onondaga County, NY","36067",204,465633,43.8
,"2009","2009","Ontario County, NY","36069",44,107214,41.0
,"2009","2009","Orange County, NY","36071",124,372079,33.3
,"2009","2009","Orleans County, NY","36073",22,42975,51.2
,"2009","2009","Oswego County, NY","36075",52,122055,42.6
,"2009","2009","Otsego County, NY","36077",43,62280,69.0
,"2009","2009","Putnam County, NY","36079",41,99666,41.1
,"2009","2009","Queens County, NY","36081",376,2217166,17.0
,"2009","2009","Rensselaer County, NY","36083",100,159150,62.8
,"2009","2009","Richmond County, NY","36085",126,466965,27.0
,"2009","2009","Rockland County, NY","36087",78,308652,25.3
,"2009","2009","St. Lawrence County, NY","36089",87,112169,77.6
,"2009","2009","Saratoga County, NY","36091",114,218652,52.1
,"2009","2009","Schenectady County, NY","36093",99,154050,64.3
,"2009","2009","Schoharie County, NY","36095",15,32776,Unreliable
,"2009","2009","Seneca County, NY","36099",16,35286,Unreliable
,"2009","2009","Steuben County, NY","36101",64,98949,64.7
,"2009","2009","Suffolk County, NY","36103",444,1487206,29.9
,"2009","2009","Sullivan County, NY","36105",41,77647,52.8
,"2009","2009","Tioga County, NY","36107",27,51236,52.7
,"2009","2009","Tompkins County, NY","36109",30,101497,29.6
,"2009","2009","Ulster County, NY","36111",91,182638,49.8
,"2009","2009","Warren County, NY","36113",38,65694,57.8
,"2009","2009","Washington County, NY","36115",26,63077,41.2
,"2009","2009","Wayne County, NY","36117",44,93643,47.0
,"2009","2009","Westchester County, NY","36119",282,944201,29.9
,"2009","2009","Wyoming County, NY","36121",19,42236,Unreliable
,"2009","2009","Yates County, NY","36123",18,25303,Unreliable
,"2010","2010","Albany County, NY","36001",135,304204,44.4
,"2010","2010","Allegany County, NY","36003",33,48946,67.4
,"2010","2010","Bronx County, NY","36005",342,1385108,24.7
,"2010","2010","Broome County, NY","36007",100,200600,49.9
,"2010","2010","Cattaraugus County, NY","36009",64,80317,79.7
,"2010","2010","Cayuga County, NY","36011",37,80026,46.2
,"2010","2010","Chautauqua County, NY","36013",100,134905,74.1
,"2010","2010","Chemung County, NY","36015",67,88830,75.4
,"2010","2010","Chenango County, NY","36017",35,50477,69.3
,"2010","2010","Clinton County, NY","36019",40,82128,48.7
,"2010","2010","Columbia County, NY","36021",45,63096,71.3
,"2010","2010","Cortland County, NY","36023",22,49336,44.6
,"2010","2010","Delaware County, NY","36025",28,47980,58.4
,"2010","2010","Dutchess County, NY","36027",110,297488,37.0
,"2010","2010","Erie County, NY","36029",449,919040,48.9
,"2010","2010","Essex County, NY","36031",18,39370,Unreliable
,"2010","2010","Franklin County, NY","36033",31,51599,60.1
,"2010","2010","Fulton County, NY","36035",57,55531,102.6
,"2010","2010","Genesee County, NY","36037",31,60079,51.6
,"2010","2010","Greene County, NY","36039",23,49221,46.7
,"2010","2010","Herkimer County, NY","36043",29,64519,44.9
,"2010","2010","Jefferson County, NY","36045",56,116229,48.2
,"2010","2010","Kings County, NY","36047",432,2504700,17.2
,"2010","2010","Lewis County, NY","36049",18,27087,Unreliable
,"2010","2010","Livingston County, NY","36051",38,65393,58.1
,"2010","2010","Madison County, NY","36053",36,73442,49.0
,"2010","2010","Monroe County, NY","36055",228,744344,30.6
,"2010","2010","Montgomery County, NY","36057",26,50219,51.8
,"2010","2010","Nassau County, NY","36059",374,1339532,27.9
,"2010","2010","New York County, NY","36061",314,1585873,19.8
,"2010","2010","Niagara County, NY","36063",122,216469,56.4
,"2010","2010","Oneida County, NY","36065",140,234878,59.6
,"2010","2010","Onondaga County, NY","36067",197,467026,42.2
,"2010","2010","Ontario County, NY","36069",56,107931,51.9
,"2010","2010","Orange County, NY","36071",132,372813,35.4
,"2010","2010","Orleans County, NY","36073",18,42883,Unreliable
,"2010","2010","Oswego County, NY","36075",68,122109,55.7
,"2010","2010","Otsego County, NY","36077",46,62259,73.9
,"2010","2010","Putnam County, NY","36079",25,99710,25.1
,"2010","2010","Queens County, NY","36081",379,2230722,17.0
,"2010","2010","Rensselaer County, NY","36083",109,159429,68.4
,"2010","2010","Richmond County, NY","36085",128,468730,27.3
,"2010","2010","Rockland County, NY","36087",85,311687,27.3
,"2010","2010","St. Lawrence County, NY","36089",83,111944,74.1
,"2010","2010","Saratoga County, NY","36091",103,219607,46.9
,"2010","2010","Schenectady County, NY","36093",85,154727,54.9
,"2010","2010","Schoharie County, NY","36095",18,32749,Unreliable
,"2010","2010","Schuyler County, NY","36097",18,18343,Unreliable
,"2010","2010","Seneca County, NY","36099",28,35251,79.4
,"2010","2010","Steuben County, NY","36101",62,98990,62.6
,"2010","2010","Suffolk County, NY","36103",471,1493350,31.5
,"2010","2010","Sullivan County, NY","36105",35,77547,45.1
,"2010","2010","Tioga County, NY","36107",19,51125,Unreliable
,"2010","2010","Tompkins County, NY","36109",31,101564,30.5
,"2010","2010","Ulster County, NY","36111",82,182493,44.9
,"2010","2010","Warren County, NY","36113",34,65707,51.7
,"2010","2010","Washington County, NY","36115",48,63216,75.9
,"2010","2010","Wayne County, NY","36117",42,93772,44.8
,"2010","2010","Westchester County, NY","36119",262,949113,27.6
,"2010","2010","Wyoming County, NY","36121",21,42155,49.8
,"2010","2010","Yates County, NY","36123",19,25348,Unreliable
,"2011","2011","Albany County, NY","36001",130,303565,42.8
,"2011","2011","Allegany County, NY","36003",35,48778,71.8
,"2011","2011","Bronx County, NY","36005",318,1392002,22.8
,"2011","2011","Broome County, NY","36007",97,199031,48.7
,"2011","2011","Cattaraugus County, NY","36009",56,79832,70.1
,"2011","2011","Cayuga County, NY","36011",58,79738,72.7
,"2011","2011","Chautauqua County, NY","36013",115,134368,85.6
,"2011","2011","Chemung County, NY","36015",72,88840,81.0
,"2011","2011","Chenango County, NY","36017",21,50118,41.9
,"2011","2011","Clinton County, NY","36019",46,81945,56.1
,"2011","2011","Columbia County, NY","36021",41,62550,65.5
,"2011","2011","Cortland County, NY","36023",37,49363,75.0
,"2011","2011","Delaware County, NY","36025",19,47559,Unreliable
,"2011","2011","Dutchess County, NY","36027",122,297999,40.9
,"2011","2011","Erie County, NY","36029",458,918028,49.9
,"2011","2011","Essex County, NY","36031",17,39181,Unreliable
,"2011","2011","Franklin County, NY","36033",31,51551,60.1
,"2011","2011","Fulton County, NY","36035",54,55180,97.9
,"2011","2011","Genesee County, NY","36037",30,59993,50.0
,"2011","2011","Greene County, NY","36039",17,48954,Unreliable
,"2011","2011","Herkimer County, NY","36043",37,64160,57.7
,"2011","2011","Jefferson County, NY","36045",49,117910,41.6
,"2011","2011","Kings County, NY","36047",445,2532645,17.6
,"2011","2011","Lewis County, NY","36049",10,27072,Unreliable
,"2011","2011","Livingston County, NY","36051",31,65070,47.6
,"2011","2011","Madison County, NY","36053",37,73365,50.4
,"2011","2011","Monroe County, NY","36055",234,745625,31.4
,"2011","2011","Montgomery County, NY","36057",25,49916,50.1
,"2011","2011","Nassau County, NY","36059",398,1344436,29.6
,"2011","2011","New York County, NY","36061",311,1601948,19.4
,"2011","2011","Niagara County, NY","36063",142,216011,65.7
,"2011","2011","Oneida County, NY","36065",111,234287,47.4
,"2011","2011","Onondaga County, NY","36067",217,466960,46.5
,"2011","2011","Ontario County, NY","36069",57,108525,52.5
,"2011","2011","Orange County, NY","36071",139,374872,37.1
,"2011","2011","Orleans County, NY","36073",29,42622,68.0
,"2011","2011","Oswego County, NY","36075",60,122228,49.1
,"2011","2011","Otsego County, NY","36077",30,61917,48.5
,"2011","2011","Putnam County, NY","36079",28,99933,28.0
,"2011","2011","Queens County, NY","36081",451,2247848,20.1
,"2011","2011","Rensselaer County, NY","36083",79,159395,49.6
,"2011","2011","Richmond County, NY","36085",139,470467,29.5
,"2011","2011","Rockland County, NY","36087",97,315158,30.8
,"2011","2011","St. Lawrence County, NY","36089",76,111690,68.0
,"2011","2011","Saratoga County, NY","36091",81,220882,36.7
,"2011","2011","Schenectady County, NY","36093",80,155058,51.6
,"2011","2011","Schoharie County, NY","36095",16,32578,Unreliable
,"2011","2011","Schuyler County, NY","36097",17,18361,Unreliable
,"2011","2011","Seneca County, NY","36099",24,35198,68.2
,"2011","2011","Steuben County, NY","36101",64,99033,64.6
,"2011","2011","Suffolk County, NY","36103",508,1498816,33.9
,"2011","2011","Sullivan County, NY","36105",31,76900,40.3
,"2011","2011","Tioga County, NY","36107",22,51043,43.1
,"2011","2011","Tompkins County, NY","36109",26,101723,25.6
,"2011","2011","Ulster County, NY","36111",90,182448,49.3
,"2011","2011","Warren County, NY","36113",42,65831,63.8
,"2011","2011","Washington County, NY","36115",38,63165,60.2
,"2011","2011","Wayne County, NY","36117",47,93436,50.3
,"2011","2011","Westchester County, NY","36119",261,955899,27.3
,"2011","2011","Wyoming County, NY","36121",20,41944,47.7
,"2011","2011","Yates County, NY","36123",13,25454,Unreliable
,"2012","2012","Albany County, NY","36001",143,305455,46.8
,"2012","2012","Allegany County, NY","36003",34,48357,70.3
,"2012","2012","Bronx County, NY","36005",272,1408473,19.3
,"2012","2012","Broome County, NY","36007",108,198060,54.5
,"2012","2012","Cattaraugus County, NY","36009",61,79458,76.8
,"2012","2012","Cayuga County, NY","36011",45,79552,56.6
,"2012","2012","Chautauqua County, NY","36013",97,133539,72.6
,"2012","2012","Chemung County, NY","36015",73,88911,82.1
,"2012","2012","Chenango County, NY","36017",47,49933,94.1
,"2012","2012","Clinton County, NY","36019",52,81654,63.7
,"2012","2012","Columbia County, NY","36021",40,62499,64.0
,"2012","2012","Cortland County, NY","36023",34,49474,68.7
,"2012","2012","Delaware County, NY","36025",43,47276,91.0
,"2012","2012","Dutchess County, NY","36027",113,297322,38.0
,"2012","2012","Erie County, NY","36029",467,919086,50.8
,"2012","2012","Essex County, NY","36031",34,38961,87.3
,"2012","2012","Franklin County, NY","36033",26,51795,50.2
,"2012","2012","Fulton County, NY","36035",56,54925,102.0
,"2012","2012","Genesee County, NY","36037",26,59977,43.3
,"2012","2012","Greene County, NY","36039",33,48673,67.8
,"2012","2012","Herkimer County, NY","36043",39,64508,60.5
,"2012","2012","Jefferson County, NY","36045",50,120262,41.6
,"2012","2012","Kings County, NY","36047",423,2565635,16.5
,"2012","2012","Livingston County, NY","36051",34,64810,52.5
,"2012","2012","Madison County, NY","36053",46,72382,63.6
,"2012","2012","Monroe County, NY","36055",258,747813,34.5
,"2012","2012","Montgomery County, NY","36057",28,49941,56.1
,"2012","2012","Nassau County, NY","36059",404,1349233,29.9
,"2012","2012","New York County, NY","36061",289,1619090,17.8
,"2012","2012","Niagara County, NY","36063",127,215124,59.0
,"2012","2012","Oneida County, NY","36065",126,233556,53.9
,"2012","2012","Onondaga County, NY","36067",223,466852,47.8
,"2012","2012","Ontario County, NY","36069",54,108519,49.8
,"2012","2012","Orange County, NY","36071",123,374512,32.8
,"2012","2012","Orleans County, NY","36073",27,42836,63.0
,"2012","2012","Oswego County, NY","36075",67,121700,55.1
,"2012","2012","Otsego County, NY","36077",41,61709,66.4
,"2012","2012","Putnam County, NY","36079",28,99607,28.1
,"2012","2012","Queens County, NY","36081",415,2272771,18.3
,"2012","2012","Rensselaer County, NY","36083",98,159835,61.3
,"2012","2012","Richmond County, NY","36085",146,470728,31.0
,"2012","2012","Rockland County, NY","36087",95,317757,29.9
,"2012","2012","St. Lawrence County, NY","36089",72,112232,64.2
,"2012","2012","Saratoga County, NY","36091",110,222133,49.5
,"2012","2012","Schenectady County, NY","36093",96,155124,61.9
,"2012","2012","Schoharie County, NY","36095",20,32099,62.3
,"2012","2012","Schuyler County, NY","36097",14,18514,Unreliable
,"2012","2012","Seneca County, NY","36099",18,35305,Unreliable
,"2012","2012","Steuben County, NY","36101",62,99063,62.6
,"2012","2012","Suffolk County, NY","36103",515,1499273,34.3
,"2012","2012","Sullivan County, NY","36105",48,76793,62.5
,"2012","2012","Tioga County, NY","36107",32,50478,63.4
,"2012","2012","Tompkins County, NY","36109",31,102554,30.2
,"2012","2012","Ulster County, NY","36111",80,181791,44.0
,"2012","2012","Warren County, NY","36113",49,65538,74.8
,"2012","2012","Washington County, NY","36115",46,62934,73.1
,"2012","2012","Wayne County, NY","36117",44,92962,47.3
,"2012","2012","Westchester County, NY","36119",252,961670,26.2
,"2012","2012","Wyoming County, NY","36121",28,41892,66.8
,"2012","2012","Yates County, NY","36123",18,25344,Unreliable
,"2013","2013","Albany County, NY","36001",128,306945,41.7
,"2013","2013","Allegany County, NY","36003",35,48109,72.8
,"2013","2013","Bronx County, NY","36005",345,1418733,24.3
,"2013","2013","Broome County, NY","36007",116,197534,58.7
,"2013","2013","Cattaraugus County, NY","36009",42,78892,53.2
,"2013","2013","Cayuga County, NY","36011",34,79477,42.8
,"2013","2013","Chautauqua County, NY","36013",104,133080,78.1
,"2013","2013","Chemung County, NY","36015",58,88506,65.5
,"2013","2013","Chenango County, NY","36017",30,49503,60.6
,"2013","2013","Clinton County, NY","36019",53,81591,65.0
,"2013","2013","Columbia County, NY","36021",47,62243,75.5
,"2013","2013","Cortland County, NY","36023",29,48976,59.2
,"2013","2013","Delaware County, NY","36025",30,46722,64.2
,"2013","2013","Dutchess County, NY","36027",131,296916,44.1
,"2013","2013","Erie County, NY","36029",494,919866,53.7
,"2013","2013","Essex County, NY","36031",16,38762,Unreliable
,"2013","2013","Franklin County, NY","36033",21,51688,40.6
,"2013","2013","Fulton County, NY","36035",43,54586,78.8
,"2013","2013","Genesee County, NY","36037",36,59454,60.6
,"2013","2013","Greene County, NY","36039",30,48455,61.9
,"2013","2013","Herkimer County, NY","36043",44,64181,68.6
,"2013","2013","Jefferson County, NY","36045",51,119504,42.7
,"2013","2013","Kings County, NY","36047",493,2592149,19.0
,"2013","2013","Lewis County, NY","36049",10,27149,Unreliable
,"2013","2013","Livingston County, NY","36051",35,64705,54.1
,"2013","2013","Madison County, NY","36053",35,72382,48.4
,"2013","2013","Monroe County, NY","36055",261,749606,34.8
,"2013","2013","Montgomery County, NY","36057",41,49897,82.2
,"2013","2013","Nassau County, NY","36059",357,1352146,26.4
,"2013","2013","New York County, NY","36061",309,1626159,19.0
,"2013","2013","Niagara County, NY","36063",130,214249,60.7
,"2013","2013","Oneida County, NY","36065",121,233585,51.8
,"2013","2013","Onondaga County, NY","36067",220,468387,47.0
,"2013","2013","Ontario County, NY","36069",55,109103,50.4
,"2013","2013","Orange County, NY","36071",135,375592,35.9
,"2013","2013","Orleans County, NY","36073",25,42235,59.2
,"2013","2013","Oswego County, NY","36075",76,121165,62.7
,"2013","2013","Otsego County, NY","36077",43,61683,69.7
,"2013","2013","Putnam County, NY","36079",32,99645,32.1
,"2013","2013","Queens County, NY","36081",441,2296175,19.2
,"2013","2013","Rensselaer County, NY","36083",87,159918,54.4
,"2013","2013","Richmond County, NY","36085",162,472621,34.3
,"2013","2013","Rockland County, NY","36087",94,320903,29.3
,"2013","2013","St. Lawrence County, NY","36089",84,111963,75.0
,"2013","2013","Saratoga County, NY","36091",90,223865,40.2
,"2013","2013","Schenectady County, NY","36093",78,155333,50.2
,"2013","2013","Schoharie County, NY","36095",25,31844,78.5
,"2013","2013","Schuyler County, NY","36097",17,18460,Unreliable
,"2013","2013","Seneca County, NY","36099",22,35409,62.1
,"2013","2013","Steuben County, NY","36101",51,98650,51.7
,"2013","2013","Suffolk County, NY","36103",488,1499738,32.5
,"2013","2013","Sullivan County, NY","36105",35,76665,45.7
,"2013","2013","Tioga County, NY","36107",23,50243,45.8
,"2013","2013","Tompkins County, NY","36109",24,103617,23.2
,"2013","2013","Ulster County, NY","36111",112,180998,61.9
,"2013","2013","Warren County, NY","36113",50,65337,76.5
,"2013","2013","Washington County, NY","36115",30,63093,47.5
,"2013","2013","Wayne County, NY","36117",37,92473,40.0
,"2013","2013","Westchester County, NY","36119",286,968802,29.5
,"2013","2013","Wyoming County, NY","36121",27,41531,65.0
,"2013","2013","Yates County, NY","36123",24,25156,95.4
,"2014","2014","Albany County, NY","36001",117,308171,38.0
,"2014","2014","Allegany County, NY","36003",28,47736,58.7
,"2014","2014","Bronx County, NY","36005",313,1438159,21.8
,"2014","2014","Broome County, NY","36007",103,197349,52.2
,"2014","2014","Cattaraugus County, NY","36009",41,78600,52.2
,"2014","2014","Cayuga County, NY","36011",35,78823,44.4
,"2014","2014","Chautauqua County, NY","36013",85,132053,64.4
,"2014","2014","Chemung County, NY","36015",68,87770,77.5
,"2014","2014","Chenango County, NY","36017",43,49426,87.0
,"2014","2014","Clinton County, NY","36019",33,81632,40.4
,"2014","2014","Columbia County, NY","36021",36,62122,58.0
,"2014","2014","Cortland County, NY","36023",26,49024,53.0
,"2014","2014","Delaware County, NY","36025",38,46581,81.6
,"2014","2014","Dutchess County, NY","36027",104,296579,35.1
,"2014","2014","Erie County, NY","36029",439,922835,47.6
,"2014","2014","Essex County, NY","36031",25,38679,64.6
,"2014","2014","Franklin County, NY","36033",29,51262,56.6
,"2014","2014","Fulton County, NY","36035",50,54105,92.4
,"2014","2014","Genesee County, NY","36037",42,59162,71.0
,"2014","2014","Greene County, NY","36039",26,47967,54.2
,"2014","2014","Herkimer County, NY","36043",43,63744,67.5
,"2014","2014","Jefferson County, NY","36045",42,119103,35.3
,"2014","2014","Kings County, NY","36047",450,2621793,17.2
,"2014","2014","Lewis County, NY","36049",15,27220,Unreliable
,"2014","2014","Livingston County, NY","36051",26,64586,40.3
,"2014","2014","Madison County, NY","36053",46,72369,63.6
,"2014","2014","Monroe County, NY","36055",260,749857,34.7
,"2014","2014","Montgomery County, NY","36057",42,49779,84.4
,"2014","2014","Nassau County, NY","36059",368,1358627,27.1
,"2014","2014","New York County, NY","36061",342,1636268,20.9
,"2014","2014","Niagara County, NY","36063",142,213525,66.5
,"2014","2014","Oneida County, NY","36065",115,232871,49.4
,"2014","2014","Onondaga County, NY","36067",210,468196,44.9
,"2014","2014","Ontario County, NY","36069",50,109707,45.6
,"2014","2014","Orange County, NY","36071",126,376099,33.5
,"2014","2014","Orleans County, NY","36073",24,41984,57.2
,"2014","2014","Oswego County, NY","36075",73,120913,60.4
,"2014","2014","Otsego County, NY","36077",41,61128,67.1
,"2014","2014","Putnam County, NY","36079",21,99487,21.1
,"2014","2014","Queens County, NY","36081",455,2321580,19.6
,"2014","2014","Rensselaer County, NY","36083",118,159774,73.9
,"2014","2014","Richmond County, NY","36085",146,473279,30.8
,"2014","2014","Rockland County, NY","36087",86,323866,26.6
,"2014","2014","St. Lawrence County, NY","36089",64,111400,57.5
,"2014","2014","Saratoga County, NY","36091",94,224921,41.8
,"2014","2014","Schenectady County, NY","36093",73,155735,46.9
,"2014","2014","Schoharie County, NY","36095",17,31566,Unreliable
,"2014","2014","Schuyler County, NY","36097",12,18479,Unreliable
,"2014","2014","Seneca County, NY","36099",22,34884,63.1
,"2014","2014","Steuben County, NY","36101",61,98394,62.0
,"2014","2014","Suffolk County, NY","36103",455,1502968,30.3
,"2014","2014","Sullivan County, NY","36105",39,75943,51.4
,"2014","2014","Tioga County, NY","36107",31,49870,62.2
,"2014","2014","Tompkins County, NY","36109",32,104691,30.6
,"2014","2014","Ulster County, NY","36111",67,180445,37.1
,"2014","2014","Warren County, NY","36113",53,64973,81.6
,"2014","2014","Washington County, NY","36115",38,62372,60.9
,"2014","2014","Wayne County, NY","36117",52,92051,56.5
,"2014","2014","Westchester County, NY","36119",259,972634,26.6
,"2014","2014","Wyoming County, NY","36121",24,41188,58.3
,"2014","2014","Yates County, NY","36123",21,25208,83.3
,"2015","2015","Albany County, NY","36001",149,309381,48.2
,"2015","2015","Allegany County, NY","36003",45,47462,94.8
,"2015","2015","Bronx County, NY","36005",357,1455444,24.5
,"2015","2015","Broome County, NY","36007",142,196567,72.2
,"2015","2015","Cattaraugus County, NY","36009",63,77922,80.9
,"2015","2015","Cayuga County, NY","36011",50,78288,63.9
,"2015","2015","Chautauqua County, NY","36013",78,130779,59.6
,"2015","2015","Chemung County, NY","36015",68,87071,78.1
,"2015","2015","Chenango County, NY","36017",45,48844,92.1
,"2015","2015","Clinton County, NY","36019",53,81251,65.2
,"2015","2015","Columbia County, NY","36021",45,61509,73.2
,"2015","2015","Cortland County, NY","36023",31,48494,63.9
,"2015","2015","Delaware County, NY","36025",40,46053,86.9
,"2015","2015","Dutchess County, NY","36027",119,295754,40.2
,"2015","2015","Erie County, NY","36029",480,922578,52.0
,"2015","2015","Essex County, NY","36031",32,38478,83.2
,"2015","2015","Franklin County, NY","36033",31,50660,61.2
,"2015","2015","Fulton County, NY","36035",37,53992,68.5
,"2015","2015","Genesee County, NY","36037",32,58937,54.3
,"2015","2015","Greene County, NY","36039",27,47625,56.7
,"2015","2015","Herkimer County, NY","36043",50,63100,79.2
,"2015","2015","Jefferson County, NY","36045",55,117635,46.8
,"2015","2015","Kings County, NY","36047",418,2636735,15.9
,"2015","2015","Lewis County, NY","36049",15,26957,Unreliable
,"2015","2015","Livingston County, NY","36051",27,64717,41.7
,"2015","2015","Madison County, NY","36053",50,71849,69.6
,"2015","2015","Monroe County, NY","36055",245,749600,32.7
,"2015","2015","Montgomery County, NY","36057",40,49642,80.6
,"2015","2015","Nassau County, NY","36059",336,1361350,24.7
,"2015","2015","New York County, NY","36061",321,1644518,19.5
,"2015","2015","Niagara County, NY","36063",142,212652,66.8
,"2015","2015","Oneida County, NY","36065",152,232500,65.4
,"2015","2015","Onondaga County, NY","36067",203,468463,43.3
,"2015","2015","Ontario County, NY","36069",59,109561,53.9
,"2015","2015","Orange County, NY","36071",165,377647,43.7
,"2015","2015","Orleans County, NY","36073",33,41582,79.4
,"2015","2015","Oswego County, NY","36075",61,120146,50.8
,"2015","2015","Otsego County, NY","36077",37,60636,61.0
,"2015","2015","Putnam County, NY","36079",35,99042,35.3
,"2015","2015","Queens County, NY","36081",425,2339150,18.2
,"2015","2015","Rensselaer County, NY","36083",105,160266,65.5
,"2015","2015","Richmond County, NY","36085",133,474558,28.0
,"2015","2015","Rockland County, NY","36087",92,326037,28.2
,"2015","2015","St. Lawrence County, NY","36089",77,111007,69.4
,"2015","2015","Saratoga County, NY","36091",104,226249,46.0
,"2015","2015","Schenectady County, NY","36093",79,154604,51.1
,"2015","2015","Schoharie County, NY","36095",19,31330,Unreliable
,"2015","2015","Schuyler County, NY","36097",15,18186,Unreliable
,"2015","2015","Seneca County, NY","36099",19,34833,Unreliable
,"2015","2015","Steuben County, NY","36101",60,97631,61.5
,"2015","2015","Suffolk County, NY","36103",508,1501587,33.8
,"2015","2015","Sullivan County, NY","36105",40,74877,53.4
,"2015","2015","Tioga County, NY","36107",22,49453,44.5
,"2015","2015","Tompkins County, NY","36109",24,104926,22.9
,"2015","2015","Ulster County, NY","36111",86,180143,47.7
,"2015","2015","Warren County, NY","36113",61,64688,94.3
,"2015","2015","Washington County, NY","36115",53,62230,85.2
,"2015","2015","Wayne County, NY","36117",44,91446,48.1
,"2015","2015","Westchester County, NY","36119",286,976396,29.3
,"2015","2015","Wyoming County, NY","36121",30,41013,73.1
,"2015","2015","Yates County, NY","36123",17,25048,Unreliable
,"2016","2016","Albany County, NY","36001",132,308846,42.7
,"2016","2016","Allegany County, NY","36003",48,47077,102.0
,"2016","2016","Bronx County, NY","36005",317,1455720,21.8
,"2016","2016","Broome County, NY","36007",89,195334,45.6
,"2016","2016","Cattaraugus County, NY","36009",68,77677,87.5
,"2016","2016","Cayuga County, NY","36011",46,77861,59.1
,"2016","2016","Chautauqua County, NY","36013",86,129504,66.4
,"2016","2016","Chemung County, NY","36015",55,86322,63.7
,"2016","2016","Chenango County, NY","36017",43,48579,88.5
,"2016","2016","Clinton County, NY","36019",54,81073,66.6
,"2016","2016","Columbia County, NY","36021",43,60989,70.5
,"2016","2016","Cortland County, NY","36023",31,48070,64.5
,"2016","2016","Delaware County, NY","36025",37,45523,81.3
,"2016","2016","Dutchess County, NY","36027",140,294473,47.5
,"2016","2016","Erie County, NY","36029",493,921046,53.5
,"2016","2016","Essex County, NY","36031",23,38102,60.4
,"2016","2016","Franklin County, NY","36033",26,50409,51.6
,"2016","2016","Fulton County, NY","36035",43,53828,79.9
,"2016","2016","Genesee County, NY","36037",33,58482,56.4
,"2016","2016","Greene County, NY","36039",21,47508,44.2
,"2016","2016","Herkimer County, NY","36043",43,62613,68.7
,"2016","2016","Jefferson County, NY","36045",36,114006,31.6
,"2016","2016","Kings County, NY","36047",406,2629150,15.4
,"2016","2016","Lewis County, NY","36049",11,26865,Unreliable
,"2016","2016","Livingston County, NY","36051",32,64257,49.8
,"2016","2016","Madison County, NY","36053",46,71329,64.5
,"2016","2016","Monroe County, NY","36055",246,747727,32.9
,"2016","2016","Montgomery County, NY","36057",25,49276,50.7
,"2016","2016","Nassau County, NY","36059",371,1361500,27.2
,"2016","2016","New York County, NY","36061",284,1643734,17.3
,"2016","2016","Niagara County, NY","36063",143,211758,67.5
,"2016","2016","Oneida County, NY","36065",152,231190,65.7
,"2016","2016","Onondaga County, NY","36067",220,466194,47.2
,"2016","2016","Ontario County, NY","36069",53,109828,48.3
,"2016","2016","Orange County, NY","36071",144,379210,38.0
,"2016","2016","Orleans County, NY","36073",29,41346,70.1
,"2016","2016","Oswego County, NY","36075",67,118987,56.3
,"2016","2016","Otsego County, NY","36077",29,60097,48.3
,"2016","2016","Putnam County, NY","36079",31,98900,31.3
,"2016","2016","Queens County, NY","36081",412,2333054,17.7
,"2016","2016","Rensselaer County, NY","36083",94,160070,58.7
,"2016","2016","Richmond County, NY","36085",157,476015,33.0
,"2016","2016","Rockland County, NY","36087",112,326780,34.3
,"2016","2016","St. Lawrence County, NY","36089",60,110038,54.5
,"2016","2016","Saratoga County, NY","36091",111,227053,48.9
,"2016","2016","Schenectady County, NY","36093",75,154553,48.5
,"2016","2016","Schoharie County, NY","36095",13,31317,Unreliable
,"2016","2016","Schuyler County, NY","36097",13,18099,Unreliable
,"2016","2016","Seneca County, NY","36099",15,34777,Unreliable
,"2016","2016","Steuben County, NY","36101",64,96940,66.0
,"2016","2016","Suffolk County, NY","36103",525,1492583,35.2
,"2016","2016","Sullivan County, NY","36105",46,74801,61.5
,"2016","2016","Tioga County, NY","36107",26,48760,53.3
,"2016","2016","Tompkins County, NY","36109",35,104871,33.4
,"2016","2016","Ulster County, NY","36111",92,179225,51.3
,"2016","2016","Warren County, NY","36113",50,64567,77.4
,"2016","2016","Washington County, NY","36115",51,61800,82.5
,"2016","2016","Wayne County, NY","36117",54,90798,59.5
,"2016","2016","Westchester County, NY","36119",247,974542,25.3
,"2016","2016","Wyoming County, NY","36121",29,40791,71.1
,"2016","2016","Yates County, NY","36123",11,24923,Unreliable
,"2017","2017","Albany County, NY","36001",112,309612,36.2
,"2017","2017","Allegany County, NY","36003",40,46894,85.3
,"2017","2017","Bronx County, NY","36005",316,1471160,21.5
,"2017","2017","Broome County, NY","36007",122,193639,63.0
,"2017","2017","Cattaraugus County, NY","36009",72,77348,93.1
,"2017","2017","Cayuga County, NY","36011",42,77603,54.1
,"2017","2017","Chautauqua County, NY","36013",104,129046,80.6
,"2017","2017","Chemung County, NY","36015",56,85557,65.5
,"2017","2017","Chenango County, NY","36017",34,47863,71.0
,"2017","2017","Clinton County, NY","36019",48,80980,59.3
,"2017","2017","Columbia County, NY","36021",48,60604,79.2
,"2017","2017","Cortland County, NY","36023",25,47786,52.3
,"2017","2017","Delaware County, NY","36025",29,45001,64.4
,"2017","2017","Dutchess County, NY","36027",142,295568,48.0
,"2017","2017","Erie County, NY","36029",481,925528,52.0
,"2017","2017","Essex County, NY","36031",31,37956,81.7
,"2017","2017","Franklin County, NY","36033",34,51116,66.5
,"2017","2017","Fulton County, NY","36035",41,53877,76.1
,"2017","2017","Genesee County, NY","36037",40,57956,69.0
,"2017","2017","Greene County, NY","36039",18,47470,Unreliable
,"2017","2017","Herkimer County, NY","36043",43,62240,69.1
,"2017","2017","Jefferson County, NY","36045",52,114187,45.5
,"2017","2017","Kings County, NY","36047",436,2648771,16.5
,"2017","2017","Lewis County, NY","36049",10,26551,Unreliable
,"2017","2017","Livingston County, NY","36051",38,63799,59.6
,"2017","2017","Madison County, NY","36053",41,70965,57.8
,"2017","2017","Monroe County, NY","36055",266,747642,35.6
,"2017","2017","Montgomery County, NY","36057",31,49258,62.9
,"2017","2017","Nassau County, NY","36059",401,1369514,29.3
,"2017","2017","New York County, NY","36061",333,1664727,20.0
,"2017","2017","Niagara County, NY","36063",179,211328,84.7
,"2017","2017","Oneida County, NY","36065",171,231332,73.9
,"2017","2017","Onondaga County, NY","36067",226,465398,48.6
,"2017","2017","Ontario County, NY","36069",57,109899,51.9
,"2017","2017","Orange County, NY","36071",132,382226,34.5
,"2017","2017","Orleans County, NY","36073",31,40983,75.6
,"2017","2017","Oswego County, NY","36075",70,118478,59.1
,"2017","2017","Otsego County, NY","36077",47,60094,78.2
,"2017","2017","Putnam County, NY","36079",29,99323,29.2
,"2017","2017","Queens County, NY","36081",439,2358582,18.6
,"2017","2017","Rensselaer County, NY","36083",95,159722,59.5
,"2017","2017","Richmond County, NY","36085",161,479458,33.6
,"2017","2017","Rockland County, NY","36087",87,328868,26.5
,"2017","2017","St. Lawrence County, NY","36089",62,109623,56.6
,"2017","2017","Saratoga County, NY","36091",127,229869,55.2
,"2017","2017","Schenectady County, NY","36093",99,155565,63.6
,"2017","2017","Schoharie County, NY","36095",20,31420,63.7
,"2017","2017","Schuyler County, NY","36097",13,18000,Unreliable
,"2017","2017","Seneca County, NY","36099",28,34498,81.2
,"2017","2017","Steuben County, NY","36101",72,96281,74.8
,"2017","2017","Suffolk County, NY","36103",565,1492953,37.8
,"2017","2017","Sullivan County, NY","36105",36,75485,47.7
,"2017","2017","Tioga County, NY","36107",23,48578,47.3
,"2017","2017","Tompkins County, NY","36109",43,104802,41.0
,"2017","2017","Ulster County, NY","36111",118,179417,65.8
,"2017","2017","Warren County, NY","36113",54,64532,83.7
,"2017","2017","Washington County, NY","36115",50,61620,81.1
,"2017","2017","Wayne County, NY","36117",38,90670,41.9
,"2017","2017","Westchester County, NY","36119",256,980244,26.1
,"2017","2017","Wyoming County, NY","36121",23,40493,56.8
,"2017","2017","Yates County, NY","36123",28,24955,112.2
,"2018","2018","Albany County, NY","36001",122,307117,39.7
,"2018","2018","Allegany County, NY","36003",47,46430,101.2
,"2018","2018","Bronx County, NY","36005",356,1432132,24.9
,"2018","2018","Broome County, NY","36007",144,191659,75.1
,"2018","2018","Cattaraugus County, NY","36009",53,76840,69.0
,"2018","2018","Cayuga County, NY","36011",49,77145,63.5
,"2018","2018","Chautauqua County, NY","36013",90,127939,70.3
,"2018","2018","Chemung County, NY","36015",55,84254,65.3
,"2018","2018","Chenango County, NY","36017",45,47536,94.7
,"2018","2018","Clinton County, NY","36019",50,80695,62.0
,"2018","2018","Columbia County, NY","36021",35,59916,58.4
,"2018","2018","Cortland County, NY","36023",18,47823,Unreliable
,"2018","2018","Delaware County, NY","36025",41,44527,92.1
,"2018","2018","Dutchess County, NY","36027",154,293718,52.4
,"2018","2018","Erie County, NY","36029",463,919719,50.3
,"2018","2018","Essex County, NY","36031",29,37300,77.7
,"2018","2018","Franklin County, NY","36033",23,50293,45.7
,"2018","2018","Fulton County, NY","36035",43,53591,80.2
,"2018","2018","Genesee County, NY","36037",39,57511,67.8
,"2018","2018","Greene County, NY","36039",34,47491,71.6
,"2018","2018","Herkimer County, NY","36043",55,61833,88.9
,"2018","2018","Jefferson County, NY","36045",57,111755,51.0
,"2018","2018","Kings County, NY","36047",439,2582830,17.0
,"2018","2018","Lewis County, NY","36049",11,26447,Unreliable
,"2018","2018","Livingston County, NY","36051",32,63227,50.6
,"2018","2018","Madison County, NY","36053",36,70795,50.9
,"2018","2018","Monroe County, NY","36055",246,742474,33.1
,"2018","2018","Montgomery County, NY","36057",29,49455,58.6
,"2018","2018","Nassau County, NY","36059",398,1358343,29.3
,"2018","2018","New York County, NY","36061",311,1628701,19.1
,"2018","2018","Niagara County, NY","36063",120,210433,57.0
,"2018","2018","Oneida County, NY","36065",172,229577,74.9
,"2018","2018","Onondaga County, NY","36067",200,461809,43.3
,"2018","2018","Ontario County, NY","36069",63,109864,57.3
,"2018","2018","Orange County, NY","36071",129,381951,33.8
,"2018","2018","Orleans County, NY","36073",25,40612,61.6
,"2018","2018","Oswego County, NY","36075",69,117898,58.5
,"2018","2018","Otsego County, NY","36077",37,59749,61.9
,"2018","2018","Putnam County, NY","36079",34,98892,34.4
,"2018","2018","Queens County, NY","36081",434,2278906,19.0
,"2018","2018","Rensselaer County, NY","36083",99,159442,62.1
,"2018","2018","Richmond County, NY","36085",128,476179,26.9
,"2018","2018","Rockland County, NY","36087",113,325695,34.7
,"2018","2018","St. Lawrence County, NY","36089",77,108047,71.3
,"2018","2018","Saratoga County, NY","36091",116,230163,50.4
,"2018","2018","Schenectady County, NY","36093",80,155350,51.5
,"2018","2018","Schoharie County, NY","36095",21,31097,67.5
,"2018","2018","Schuyler County, NY","36097",22,17912,122.8
,"2018","2018","Seneca County, NY","36099",25,34300,72.9
,"2018","2018","Steuben County, NY","36101",79,95796,82.5
,"2018","2018","Suffolk County, NY","36103",545,1481093,36.8
,"2018","2018","Sullivan County, NY","36105",47,75498,62.3
,"2018","2018","Tioga County, NY","36107",22,48560,45.3
,"2018","2018","Tompkins County, NY","36109",46,102793,44.8
,"2018","2018","Ulster County, NY","36111",99,178599,55.4
,"2018","2018","Warren County, NY","36113",66,64265,102.7
,"2018","2018","Washington County, NY","36115",48,61197,78.4
,"2018","2018","Wayne County, NY","36117",54,90064,60.0
,"2018","2018","Westchester County, NY","36119",325,967612,33.6
,"2018","2018","Wyoming County, NY","36121",16,40085,Unreliable
,"2018","2018","Yates County, NY","36123",18,24841,Unreliable
,"2019","2019","Albany County, NY","36001",99,305506,32.4
,"2019","2019","Allegany County, NY","36003",33,46091,71.6
,"2019","2019","Bronx County, NY","36005",331,1418207,23.3
,"2019","2019","Broome County, NY","36007",126,190488,66.1
,"2019","2019","Cattaraugus County, NY","36009",56,76117,73.6
,"2019","2019","Cayuga County, NY","36011",51,76576,66.6
,"2019","2019","Chautauqua County, NY","36013",89,126903,70.1
,"2019","2019","Chemung County, NY","36015",54,83456,64.7
,"2019","2019","Chenango County, NY","36017",40,47207,84.7
,"2019","2019","Clinton County, NY","36019",38,80485,47.2
,"2019","2019","Columbia County, NY","36021",38,59461,63.9
,"2019","2019","Cortland County, NY","36023",27,47581,56.7
,"2019","2019","Delaware County, NY","36025",33,44135,74.8
,"2019","2019","Dutchess County, NY","36027",131,294218,44.5
,"2019","2019","Erie County, NY","36029",481,918702,52.4
,"2019","2019","Essex County, NY","36031",24,36885,65.1
,"2019","2019","Franklin County, NY","36033",40,50022,80.0
,"2019","2019","Fulton County, NY","36035",41,53383,76.8
,"2019","2019","Genesee County, NY","36037",42,57280,73.3
,"2019","2019","Greene County, NY","36039",22,47188,46.6
,"2019","2019","Herkimer County, NY","36043",37,61319,60.3
,"2019","2019","Jefferson County, NY","36045",57,109834,51.9
,"2019","2019","Kings County, NY","36047",455,2559903,17.8
,"2019","2019","Livingston County, NY","36051",34,62914,54.0
,"2019","2019","Madison County, NY","36053",35,70941,49.3
,"2019","2019","Monroe County, NY","36055",243,741770,32.8
,"2019","2019","Montgomery County, NY","36057",29,49221,58.9
,"2019","2019","Nassau County, NY","36059",379,1356924,27.9
,"2019","2019","New York County, NY","36061",317,1628706,19.5
,"2019","2019","Niagara County, NY","36063",130,209281,62.1
,"2019","2019","Oneida County, NY","36065",144,228671,63.0
,"2019","2019","Onondaga County, NY","36067",210,460528,45.6
,"2019","2019","Ontario County, NY","36069",65,109777,59.2
,"2019","2019","Orange County, NY","36071",135,384940,35.1
,"2019","2019","Orleans County, NY","36073",33,40352,81.8
,"2019","2019","Oswego County, NY","36075",64,117124,54.6
,"2019","2019","Otsego County, NY","36077",36,59493,60.5
,"2019","2019","Putnam County, NY","36079",20,98320,20.3
,"2019","2019","Queens County, NY","36081",437,2253858,19.4
,"2019","2019","Rensselaer County, NY","36083",88,158714,55.4
,"2019","2019","Richmond County, NY","36085",168,476143,35.3
,"2019","2019","Rockland County, NY","36087",85,325789,26.1
,"2019","2019","St. Lawrence County, NY","36089",71,107740,65.9
,"2019","2019","Saratoga County, NY","36091",126,229863,54.8
,"2019","2019","Schenectady County, NY","36093",70,155299,45.1
,"2019","2019","Schoharie County, NY","36095",18,30999,Unreliable
,"2019","2019","Schuyler County, NY","36097",10,17807,Unreliable
,"2019","2019","Seneca County, NY","36099",24,34016,70.6
,"2019","2019","Steuben County, NY","36101",72,95379,75.5
,"2019","2019","Suffolk County, NY","36103",582,1476601,39.4
,"2019","2019","Sullivan County, NY","36105",45,75432,59.7
,"2019","2019","Tioga County, NY","36107",31,48203,64.3
,"2019","2019","Tompkins County, NY","36109",44,102180,43.1
,"2019","2019","Ulster County, NY","36111",98,177573,55.2
,"2019","2019","Warren County, NY","36113",43,63944,67.2
,"2019","2019","Washington County, NY","36115",49,61204,80.1
,"2019","2019","Wayne County, NY","36117",44,89918,48.9
,"2019","2019","Westchester County, NY","36119",305,967506,31.5
,"2019","2019","Wyoming County, NY","36121",19,39859,Unreliable
,"2019","2019","Yates County, NY","36123",20,24913,80.3
,"2020","2020","Albany County, NY","36001",126,303654,41.5
,"2020","2020","Allegany County, NY","36003",30,45587,65.8
,"2020","2020","Bronx County, NY","36005",405,1401142,28.9
,"2020","2020","Broome County, NY","36007",109,189420,57.5
,"2020","2020","Cattaraugus County, NY","36009",51,75863,67.2
,"2020","2020","Cayuga County, NY","36011",40,76029,52.6
,"2020","2020","Chautauqua County, NY","36013",76,126032,60.3
,"2020","2020","Chemung County, NY","36015",41,82622,49.6
,"2020","2020","Chenango County, NY","36017",42,46730,89.9
,"2020","2020","Clinton County, NY","36019",55,79778,68.9
,"2020","2020","Columbia County, NY","36021",38,59534,63.8
,"2020","2020","Cortland County, NY","36023",29,47173,61.5
,"2020","2020","Delaware County, NY","36025",31,43938,70.6
,"2020","2020","Dutchess County, NY","36027",91,293293,31.0
,"2020","2020","Erie County, NY","36029",391,917241,42.6
,"2020","2020","Essex County, NY","36031",35,36891,94.9
,"2020","2020","Franklin County, NY","36033",20,49965,40.0
,"2020","2020","Fulton County, NY","36035",37,52812,70.1
,"2020","2020","Genesee County, NY","36037",37,56994,64.9
,"2020","2020","Greene County, NY","36039",24,47177,50.9
,"2020","2020","Herkimer County, NY","36043",29,60945,47.6
,"2020","2020","Jefferson County, NY","36045",29,108095,26.8
,"2020","2020","Kings County, NY","36047",452,2538934,17.8
,"2020","2020","Lewis County, NY","36049",14,26187,Unreliable
,"2020","2020","Livingston County, NY","36051",24,62398,38.5
,"2020","2020","Madison County, NY","36053",54,70478,76.6
,"2020","2020","Monroe County, NY","36055",230,740900,31.0
,"2020","2020","Montgomery County, NY","36057",20,49170,40.7
,"2020","2020","Nassau County, NY","36059",348,1351334,25.8
,"2020","2020","New York County, NY","36061",313,1611989,19.4
,"2020","2020","Niagara County, NY","36063",136,208396,65.3
,"2020","2020","Oneida County, NY","36065",138,227346,60.7
,"2020","2020","Onondaga County, NY","36067",185,459214,40.3
,"2020","2020","Ontario County, NY","36069",49,110091,44.5
,"2020","2020","Orange County, NY","36071",145,385234,37.6
,"2020","2020","Orleans County, NY","36073",21,39978,52.5
,"2020","2020","Oswego County, NY","36075",60,116346,51.6
,"2020","2020","Otsego County, NY","36077",40,58701,68.1
,"2020","2020","Putnam County, NY","36079",28,98532,28.4
,"2020","2020","Queens County, NY","36081",400,2225821,18.0
,"2020","2020","Rensselaer County, NY","36083",87,158108,55.0
,"2020","2020","Richmond County, NY","36085",142,475327,29.9
,"2020","2020","Rockland County, NY","36087",87,326225,26.7
,"2020","2020","St. Lawrence County, NY","36089",56,107185,52.2
,"2020","2020","Saratoga County, NY","36091",109,230298,47.3
,"2020","2020","Schenectady County, NY","36093",72,155358,46.3
,"2020","2020","Schoharie County, NY","36095",22,31132,70.7
,"2020","2020","Schuyler County, NY","36097",15,17685,Unreliable
,"2020","2020","Seneca County, NY","36099",20,33991,58.8
,"2020","2020","Steuben County, NY","36101",68,94657,71.8
,"2020","2020","Suffolk County, NY","36103",518,1474273,35.1
,"2020","2020","Sullivan County, NY","36105",48,75802,63.3
,"2020","2020","Tioga County, NY","36107",28,47904,58.5
,"2020","2020","Tompkins County, NY","36109",36,101058,35.6
,"2020","2020","Ulster County, NY","36111",73,177716,41.1
,"2020","2020","Warren County, NY","36113",40,63756,62.7
,"2020","2020","Washington County, NY","36115",52,60606,85.8
,"2020","2020","Wayne County, NY","36117",45,89339,50.4
,"2020","2020","Westchester County, NY","36119",264,965802,27.3
,"2020","2020","Wyoming County, NY","36121",19,39465,Unreliable
,"2020","2020","Yates County, NY","36123",12,24780,Unreliable
"---"
"Dataset: Underlying Cause of Death, 1999-2020"
"Query Parameters:"
"ICD-10 Codes: J40 (Bronchitis, not specified as acute or chronic); J42 (Unspecified chronic bronchitis); J44.0 (Chronic"
"obstructive pulmonary disease with acute lower respiratory infection); J44.1 (Chronic obstructive pulmonary disease with acute"
"exacerbation, unspecified); J44.8 (Other specified chronic obstructive pulmonary disease); J44.9 (Chronic obstructive pulmonary"
"disease, unspecified); J45.0 (Predominantly allergic asthma); J45.1 (Nonallergic asthma); J45.8 (Mixed asthma); J45.9 (Asthma,"
"unspecified); J46 (Status asthmaticus)"
"States: New York (36)"
"Group By: Year; County"
"Show Totals: Disabled"
"Show Zero Values: False"
"Show Suppressed: False"
"Calculate Rates Per: 100,000"
"Rate Options: Default intercensal populations for years 2001-2009 (except Infant Age Groups)"
"---"
"Help: See http://wonder.cdc.gov/wonder/help/ucd.html for more information."
"---"
"Query Date: Dec 11, 2025 6:04:51 AM"
"---"
"Suggested Citation: Centers for Disease Control and Prevention, National Center for Health Statistics. National Vital Statistics"
"System, Mortality 1999-2020 on CDC WONDER Online Database, released in 2021. Data are from the Multiple Cause of Death Files,"
"1999-2020, as compiled from data provided by the 57 vital statistics jurisdictions through the Vital Statistics Cooperative"
"Program. Accessed at http://wonder.cdc.gov/ucd-icd10.html on Dec 11, 2025 6:04:51 AM"
"---"
Messages:
"1. Totals are not available for these results due to suppression constraints. More Information:"
"http://wonder.cdc.gov/wonder/help/faq.html#Privacy."
"2. Rows with zero Deaths are hidden. Use Quick Options above to show zero rows."
"3. Rows with suppressed Deaths are hidden. Use Quick Options above to show suppressed rows."
"---"
Caveats:
"1. As of April 3, 2017, the underlying cause of death has been revised for 125 deaths in 2014. More information:"
"http://wonder.cdc.gov/wonder/help/ucd.html#2014-Revision."
"2. Data are Suppressed when the data meet the criteria for confidentiality constraints. More information:"
"http://wonder.cdc.gov/wonder/help/ucd.html#Assurance of Confidentiality."
"3. Death rates are flagged as Unreliable when the rate is calculated with a numerator of 20 or less. More information:"
"http://wonder.cdc.gov/wonder/help/ucd.html#Unreliable."
"4. The population figures for year 2020 are bridged-race estimates of the July 1 resident population, from the Vintage 2020"
"postcensal series released by NCHS on September 22, 2021. The population figures for year 2019 are bridged-race estimates of the"
"July 1 resident population, from the Vintage 2019 postcensal series released by NCHS on July 9, 2020. The population figures for"
"year 2018 are bridged-race estimates of the July 1 resident population, from the Vintage 2018 postcensal series released by NCHS"
"on June 25, 2019. The population figures for year 2017 are bridged-race estimates of the July 1 resident population, from the"
"Vintage 2017 postcensal series released by NCHS on June 27, 2018. The population figures for year 2016 are bridged-race"
"estimates of the July 1 resident population, from the Vintage 2016 postcensal series released by NCHS on June 26, 2017. The"
"population figures for year 2015 are bridged-race estimates of the July 1 resident population, from the Vintage 2015 postcensal"
"series released by NCHS on June 28, 2016. The population figures for year 2014 are bridged-race estimates of the July 1 resident"
"population, from the Vintage 2014 postcensal series released by NCHS on June 30, 2015. The population figures for year 2013 are"
"bridged-race estimates of the July 1 resident population, from the Vintage 2013 postcensal series released by NCHS on June 26,"
"2014. The population figures for year 2012 are bridged-race estimates of the July 1 resident population, from the Vintage 2012"
"postcensal series released by NCHS on June 13, 2013. The population figures for year 2011 are bridged-race estimates of the July"
"1 resident population, from the Vintage 2011 postcensal series released by NCHS on July 18, 2012. Population figures for 2010"
"are April 1 Census counts. The population figures for years 2001 - 2009 are bridged-race estimates of the July 1 resident"
"population, from the revised intercensal county-level 2000 - 2009 series released by NCHS on October 26, 2012. Population"
"figures for 2000 are April 1 Census counts. Population figures for 1999 are from the 1990-1999 intercensal series of July 1"
"estimates. Population figures for the infant age groups are the number of live births. <br/><b>Note:</b> Rates and population"
"figures for years 2001 - 2009 differ slightly from previously published reports, due to use of the population estimates which"
"were available at the time of release."
"5. The population figures used in the calculation of death rates for the age group 'under 1 year' are the estimates of the"
"resident population that is under one year of age. More information: http://wonder.cdc.gov/wonder/help/ucd.html#Age Group."
"6. Changes to cause of death classification affect reporting trends. More information:"
"http://wonder.cdc.gov/wonder/help/ucd.html#ICD-10 Changes."